{
	"format_version": "1.10.0",
	"animations": {
		"animation.robotdog.idle": {
			"loop": true,
			"animation_length": 4,
			"bones": {
				"body": {
					"rotation": [0, 0, 0],
					"position": {
						"0.0": [0, 0, 0],
						"1.0": [0, -0.5, 0],
						"2.0": [0, 0, 0],
						"3.0": [0, -0.5, 0],
						"4.0": [0, 0, 0]
					},
					"scale": 1
				},
				"l_arm": {
					"rotation": [0, 0, 0],
					"position": [0, 0, 0],
					"scale": 1
				},
				"elbow": {
					"rotation": {
						"0.0": [0, 0, 0],
						"1.0": [15, 0, 0],
						"2.0": [0, 0, 0],
						"3.0": [15, 0, 0],
						"4.0": [0, 0, 0]
					},
					"position": {
						"0.0": [0, 0, 0],
						"1.0": [0, 0.35, 0],
						"2.0": [0, 0, 0],
						"3.0": [0, 0.35, 0],
						"4.0": [0, 0, 0]
					},
					"scale": {
						"0.0": [1, 1, 1],
						"2.0": [1, 1, 1],
						"4.0": [1, 1, 1]
					}
				},
				"foot": {
					"rotation": {
						"0.0": [0, 0, 0],
						"1.0": [-15, 0, 0],
						"2.0": [0, 0, 0],
						"3.0": [-15, 0, 0],
						"4.0": [0, 0, 0]
					},
					"position": {
						"0.0": [0, 0, 0],
						"1.0": [0, 0.0647, -0.24148],
						"2.0": [0, 0, 0],
						"3.0": [0, 0.0647, -0.24148],
						"4.0": [0, 0, 0]
					},
					"scale": {
						"0.0": [1, 1, 1],
						"2.0": [1, 1, 1],
						"4.0": [1, 1, 1]
					}
				},
				"l_leg": {
					"rotation": [0, 0, 0],
					"position": [0, 0, 0],
					"scale": 1
				},
				"elbow2": {
					"rotation": {
						"0.0": [0, 0, 0],
						"1.0": [15, 0, 0],
						"2.0": [0, 0, 0],
						"3.0": [15, 0, 0],
						"4.0": [0, 0, 0]
					},
					"position": {
						"0.0": [0, 0, 0],
						"1.0": [0, 0.35, 0],
						"2.0": [0, 0, 0],
						"3.0": [0, 0.35, 0],
						"4.0": [0, 0, 0]
					},
					"scale": {
						"0.0": [1, 1, 1],
						"2.0": [1, 1, 1],
						"4.0": [1, 1, 1]
					}
				},
				"foot2": {
					"rotation": {
						"0.0": [0, 0, 0],
						"1.0": [-15, 0, 0],
						"2.0": [0, 0, 0],
						"3.0": [-15, 0, 0],
						"4.0": [0, 0, 0]
					},
					"position": {
						"0.0": [0, 0, 0],
						"1.0": [0, 0.0647, -0.24148],
						"2.0": [0, 0, 0],
						"3.0": [0, 0.0647, -0.24148],
						"4.0": [0, 0, 0]
					},
					"scale": {
						"0.0": [1, 1, 1],
						"2.0": [1, 1, 1],
						"4.0": [1, 1, 1]
					}
				},
				"r_leg": {
					"rotation": [0, 0, 0],
					"position": [0, 0, 0],
					"scale": 1
				},
				"elbow4": {
					"rotation": {
						"0.0": [0, 0, 0],
						"1.0": [15, 0, 0],
						"2.0": [0, 0, 0],
						"3.0": [15, 0, 0],
						"4.0": [0, 0, 0]
					},
					"position": {
						"0.0": [0, 0, 0],
						"1.0": [0, 0.35, 0],
						"2.0": [0, 0, 0],
						"3.0": [0, 0.35, 0],
						"4.0": [0, 0, 0]
					},
					"scale": {
						"0.0": [1, 1, 1],
						"2.0": [1, 1, 1],
						"4.0": [1, 1, 1]
					}
				},
				"foot4": {
					"rotation": {
						"0.0": [0, 0, 0],
						"1.0": [-15, 0, 0],
						"2.0": [0, 0, 0],
						"3.0": [-15, 0, 0],
						"4.0": [0, 0, 0]
					},
					"position": {
						"0.0": [0, 0, 0],
						"1.0": [0, 0.0647, -0.24148],
						"2.0": [0, 0, 0],
						"3.0": [0, 0.0647, -0.24148],
						"4.0": [0, 0, 0]
					},
					"scale": {
						"0.0": [1, 1, 1],
						"2.0": [1, 1, 1],
						"4.0": [1, 1, 1]
					}
				},
				"r_arm": {
					"rotation": [0, 0, 0],
					"position": [0, 0, 0],
					"scale": 1
				},
				"elbow3": {
					"rotation": {
						"0.0": [0, 0, 0],
						"1.0": [15, 0, 0],
						"2.0": [0, 0, 0],
						"3.0": [15, 0, 0],
						"4.0": [0, 0, 0]
					},
					"position": {
						"0.0": [0, 0, 0],
						"1.0": [0, 0.35, 0],
						"2.0": [0, 0, 0],
						"3.0": [0, 0.35, 0],
						"4.0": [0, 0, 0]
					},
					"scale": {
						"0.0": [1, 1, 1],
						"2.0": [1, 1, 1],
						"4.0": [1, 1, 1]
					}
				},
				"foot3": {
					"rotation": {
						"0.0": [0, 0, 0],
						"1.0": [-15, 0, 0],
						"2.0": [0, 0, 0],
						"3.0": [-15, 0, 0],
						"4.0": [0, 0, 0]
					},
					"position": {
						"0.0": [0, 0, 0],
						"1.0": [0, 0.0647, -0.24148],
						"2.0": [0, 0, 0],
						"3.0": [0, 0.0647, -0.24148],
						"4.0": [0, 0, 0]
					},
					"scale": {
						"0.0": [1, 1, 1],
						"2.0": [1, 1, 1],
						"4.0": [1, 1, 1]
					}
				},
				"tail": {
					"rotation": {
						"0.0": [0, 12.5, 0],
						"0.25": [0, -12.5, 0],
						"0.5": [0, 12.5, 0],
						"0.75": [0, -12.5, 0],
						"1.0": [0, 12.5, 0],
						"1.25": [0, -12.5, 0],
						"1.5": [0, 12.5, 0],
						"1.75": [0, -12.5, 0],
						"2.0": [0, 12.5, 0],
						"2.25": [0, -12.5, 0],
						"2.5": [0, 12.5, 0],
						"2.75": [0, -12.5, 0],
						"3.0": [0, 12.5, 0],
						"3.25": [0, -12.5, 0],
						"3.5": [0, 12.5, 0],
						"3.75": [0, -12.5, 0],
						"4.0": [0, 12.5, 0]
					}
				},
				"tail2": {
					"rotation": {
						"0.0": [0, 22.5, 0],
						"0.25": [0, -22.5, 0],
						"0.5": [0, 22.5, 0],
						"0.75": [0, -22.5, 0],
						"1.0": [0, 22.5, 0],
						"1.25": [0, -22.5, 0],
						"1.5": [0, 22.5, 0],
						"1.75": [0, -22.5, 0],
						"2.0": [0, 22.5, 0],
						"2.25": [0, -22.5, 0],
						"2.5": [0, 22.5, 0],
						"2.75": [0, -22.5, 0],
						"3.0": [0, 22.5, 0],
						"3.25": [0, -22.5, 0],
						"3.5": [0, 22.5, 0],
						"3.75": [0, -22.5, 0],
						"4.0": [0, 22.5, 0]
					}
				},
				"h_head": {
					"rotation": {
						"0.0": [0, 0, 0],
						"0.5": [0, 0, 0],
						"0.75": [0, 0, -5],
						"0.95": [0, 0, 5.38462],
						"1.15": [0, 0, -5],
						"1.5": [0, 0, 0],
						"2.5": [0, 0, 0],
						"2.75": [0, 0, 0],
						"3.0": [0, 0, -5],
						"3.5": [0, 0, 5],
						"4.0": [0, 0, 0]
					}
				},
				"ear": {
					"rotation": {
						"1.05": [0, 0, 0],
						"1.2": [0, 0, -22.5],
						"1.3": [0, 0, 0],
						"1.55": [0, 0, 0]
					}
				},
				"ear2": {
					"rotation": {
						"1.0": [0, 0, 0],
						"1.15": [0, 0, 22.5],
						"1.25": [0, 0, 0],
						"1.5": [0, 0, 0]
					}
				}
			}
		},
		"animation.robotdog.walk": {
			"loop": true,
			"animation_length": 0.65,
			"bones": {
				"body": {
					"position": {
						"0.0": [0, -0.5, 0],
						"0.15": [0, 0, 0],
						"0.3": [0, -0.5, 0],
						"0.45": [0, 0, 0],
						"0.6": [0, -0.5, 0]
					}
				},
				"l_arm": {
					"rotation": {
						"0.0": [22.5, 0, 0],
						"0.35": [-22.5, 0, 0],
						"0.65": [22.5, 0, 0]
					}
				},
				"elbow": {
					"rotation": {
						"0.0": [0, 0, 0],
						"0.2": [-56.08276, -2.72913, -0.12195],
						"0.35": [22.5, 0, 0],
						"0.5": [33.75, 0, 0],
						"0.65": [0, 0, 0]
					},
					"position": {
						"0.0": [-0.04358, 0.46018, 0.19061],
						"0.35": [0, 0, 0],
						"0.65": [-0.04358, 0.46018, 0.19061]
					}
				},
				"l_leg": {
					"rotation": {
						"0.0": [22.5, 0, 0],
						"0.2": [-22.5, 0, 0],
						"0.5": [22.5, 0, 0]
					}
				},
				"elbow2": {
					"rotation": {
						"0.0": [0, 0, 0],
						"0.05": [-33.75, 0, 0],
						"0.2": [22.5, 0, 0],
						"0.3": [22.5, 0, 0],
						"0.45": [56.25, 0, 0],
						"0.65": [0, 0, 0]
					},
					"position": {
						"0.0": [-0.04358, 0.46018, 0.19061],
						"0.2": [0, 0, 0],
						"0.3": [0, 0, 0],
						"0.65": [-0.04358, 0.46018, 0.19061]
					}
				},
				"r_leg": {
					"rotation": {
						"0.0": [-22.5, 0, 0],
						"0.2": [22.5, 0, 0],
						"0.5": [-22.5, 0, 0]
					}
				},
				"elbow4": {
					"rotation": {
						"0.0": [0, 0, 0],
						"0.05": [33.75, 0, 0],
						"0.2": [-22.5, 0, 0],
						"0.3": [-22.5, 0, 0],
						"0.45": [56.25, 0, 0],
						"0.65": [0, 0, 0]
					},
					"position": {
						"0.0": [-0.04358, 0.46018, 0.19061],
						"0.2": [0, 0, 0],
						"0.3": [0, 0, 0],
						"0.65": [-0.04358, 0.46018, 0.19061]
					}
				},
				"r_arm": {
					"rotation": {
						"0.0": [-22.5, 0, 0],
						"0.35": [22.5, 0, 0],
						"0.65": [-22.5, 0, 0]
					}
				},
				"elbow3": {
					"rotation": {
						"0.0": [-22.5, 0, 0],
						"0.2": [-11.08276, -2.72913, -0.12195],
						"0.35": [0, 0, 0],
						"0.5": [33.75, 0, 0],
						"0.65": [-22.5, 0, 0]
					},
					"position": {
						"0.0": [-0.04358, 0.46018, 0.19061],
						"0.35": [0, 0, 0],